name, charge, molecular_mass
Na, +1, 22.98922108
Cl, -1, 34.96830413
K,  +1, 38.96315832
