name, molecular mass
NaCOOH, 67.98742393
HCOOH, 46.0054793
CF3COOH, 113.9928639
NH3, 17.02654911
